Tiempo,Profundidad,Temperatura,pH,DO_SAT,DO,Blue,Chl
Fri May  9 11:17:14 2025
,nan,nan,nan,nan,nan,nan,nan
Fri May  9 11:17:22 2025
,nan,nan,nan,nan,nan,nan,nan
Fri May  9 11:17:31 2025
,nan,nan,nan,nan,nan,nan,nan
Fri May  9 11:17:39 2025
,nan,nan,nan,nan,nan,nan,nan
Fri May  9 11:17:48 2025
,nan,nan,nan,nan,nan,nan,nan
Fri May  9 11:17:56 2025
,nan,nan,nan,nan,nan,nan,nan
Fri May  9 11:18:05 2025
,nan,nan,nan,nan,nan,nan,nan
Fri May  9 11:18:13 2025
,nan,nan,nan,nan,nan,nan,nan
Fri May  9 11:18:22 2025
,nan,nan,nan,nan,nan,nan,nan
Fri May  9 11:18:30 2025
,nan,nan,nan,nan,nan,nan,nan
Fri May  9 11:18:39 2025
,nan,nan,nan,nan,nan,nan,nan
Fri May  9 11:18:47 2025
,nan,nan,nan,nan,nan,nan,nan
Fri May  9 11:18:56 2025
,nan,nan,nan,nan,nan,nan,nan
Fri May  9 11:19:04 2025
,nan,nan,nan,nan,nan,nan,nan
Fri May  9 11:19:13 2025
,nan,nan,nan,nan,nan,nan,nan
Fri May  9 11:19:21 2025
,nan,nan,nan,nan,nan,nan,nan
Fri May  9 11:19:30 2025
,nan,nan,nan,nan,nan,nan,nan
Fri May  9 11:19:38 2025
,nan,nan,nan,nan,nan,nan,nan
Fri May  9 11:19:47 2025
,nan,nan,nan,nan,nan,nan,nan
Fri May  9 11:19:55 2025
,nan,nan,nan,nan,nan,nan,nan
Fri May  9 11:20:04 2025
,nan,nan,nan,nan,nan,nan,nan
Fri May  9 11:20:12 2025
,nan,nan,nan,nan,nan,nan,nan
Fri May  9 11:20:21 2025
,nan,nan,nan,nan,nan,nan,nan
Fri May  9 11:20:29 2025
,nan,nan,nan,nan,nan,nan,nan
Fri May  9 11:20:38 2025
,nan,nan,nan,nan,nan,nan,nan
Fri May  9 11:20:46 2025
,nan,nan,nan,nan,nan,nan,nan
Fri May  9 11:20:55 2025
,nan,nan,nan,nan,nan,nan,nan
Fri May  9 11:21:03 2025
,nan,nan,nan,nan,nan,nan,nan
Fri May  9 11:21:12 2025
,nan,nan,nan,nan,nan,nan,nan
Fri May  9 11:21:20 2025
,nan,nan,nan,nan,nan,nan,nan
Fri May  9 11:21:29 2025
,nan,nan,nan,nan,nan,nan,nan
Fri May  9 11:21:37 2025
,nan,nan,nan,nan,nan,nan,nan
Fri May  9 11:21:46 2025
,nan,nan,nan,nan,nan,nan,nan
Fri May  9 11:21:54 2025
,nan,nan,nan,nan,nan,nan,nan
Fri May  9 11:22:03 2025
,nan,nan,nan,nan,nan,nan,nan
Fri May  9 11:22:11 2025
,nan,nan,nan,nan,nan,nan,nan
Fri May  9 11:22:20 2025
,nan,nan,nan,nan,nan,nan,nan
Fri May  9 11:22:28 2025
,nan,nan,nan,nan,nan,nan,nan
Fri May  9 11:22:37 2025
,nan,nan,nan,nan,nan,nan,nan
Fri May  9 11:22:45 2025
,nan,nan,nan,nan,nan,nan,nan
Fri May  9 11:22:54 2025
,nan,nan,nan,nan,nan,nan,nan
Fri May  9 11:23:02 2025
,nan,nan,nan,nan,nan,nan,nan
Fri May  9 11:23:11 2025
,nan,nan,nan,nan,nan,nan,nan
Fri May  9 11:23:19 2025
,nan,nan,nan,nan,nan,nan,nan
Fri May  9 11:23:28 2025
,nan,nan,nan,nan,nan,nan,nan
Fri May  9 11:23:36 2025
,nan,nan,nan,nan,nan,nan,nan
Fri May  9 11:23:45 2025
,nan,nan,nan,nan,nan,nan,nan
Fri May  9 11:23:53 2025
,nan,nan,nan,nan,nan,nan,nan
Fri May  9 11:24:02 2025
,nan,nan,nan,nan,nan,nan,nan
Fri May  9 11:24:10 2025
,nan,nan,nan,nan,nan,nan,nan
Fri May  9 11:24:19 2025
,nan,nan,nan,nan,nan,nan,nan
Fri May  9 11:24:27 2025
,nan,nan,nan,nan,nan,nan,nan
Fri May  9 11:24:36 2025
,nan,nan,nan,nan,nan,nan,nan
Fri May  9 11:24:44 2025
,nan,nan,nan,nan,nan,nan,nan
Fri May  9 11:24:53 2025
,nan,nan,nan,nan,nan,nan,nan
Fri May  9 11:25:01 2025
,nan,nan,nan,nan,nan,nan,nan
Fri May  9 11:25:10 2025
,nan,nan,nan,nan,nan,nan,nan
Fri May  9 11:25:18 2025
,nan,nan,nan,nan,nan,nan,nan
Fri May  9 11:25:27 2025
,nan,nan,nan,nan,nan,nan,nan
Fri May  9 11:25:35 2025
,nan,nan,nan,nan,nan,nan,nan
Fri May  9 11:25:44 2025
,nan,nan,nan,nan,nan,nan,nan
Fri May  9 11:25:52 2025
,nan,nan,nan,nan,nan,nan,nan
Fri May  9 11:26:01 2025
,nan,nan,nan,nan,nan,nan,nan
Fri May  9 11:26:09 2025
,nan,nan,nan,nan,nan,nan,nan
Fri May  9 11:26:18 2025
,nan,nan,nan,nan,nan,nan,nan
Fri May  9 11:26:26 2025
,nan,nan,nan,nan,nan,nan,nan
Fri May  9 11:26:35 2025
,nan,nan,nan,nan,nan,nan,nan
Fri May  9 11:26:43 2025
,nan,nan,nan,nan,nan,nan,nan
Fri May  9 11:26:52 2025
,nan,nan,nan,nan,nan,nan,nan
Fri May  9 11:27:00 2025
,nan,nan,nan,nan,nan,nan,nan
Fri May  9 11:27:09 2025
,nan,nan,nan,nan,nan,nan,nan
Fri May  9 11:27:17 2025
,nan,nan,nan,nan,nan,nan,nan
Fri May  9 11:27:26 2025
,nan,nan,nan,nan,nan,nan,nan
Fri May  9 11:27:34 2025
,nan,nan,nan,nan,nan,nan,nan
Fri May  9 11:27:43 2025
,nan,nan,nan,nan,nan,nan,nan
Fri May  9 11:27:51 2025
,nan,nan,nan,nan,nan,nan,nan
Fri May  9 11:28:00 2025
,nan,nan,nan,nan,nan,nan,nan
Fri May  9 11:28:08 2025
,nan,nan,nan,nan,nan,nan,nan
Fri May  9 11:28:17 2025
,nan,nan,nan,nan,nan,nan,nan
Fri May  9 11:28:25 2025
,nan,nan,nan,nan,nan,nan,nan
Fri May  9 11:28:34 2025
,nan,nan,nan,nan,nan,nan,nan
Fri May  9 11:28:42 2025
,nan,nan,nan,nan,nan,nan,nan
Fri May  9 11:28:51 2025
,nan,nan,nan,nan,nan,nan,nan
Fri May  9 11:28:59 2025
,nan,nan,nan,nan,nan,nan,nan
Fri May  9 11:29:08 2025
,nan,nan,nan,nan,nan,nan,nan
Fri May  9 11:29:16 2025
,nan,nan,nan,nan,nan,nan,nan
Fri May  9 11:29:25 2025
,nan,nan,nan,nan,nan,nan,nan
Fri May  9 11:29:33 2025
,nan,nan,nan,nan,nan,nan,nan
Fri May  9 11:29:42 2025
,nan,nan,nan,nan,nan,nan,nan
Fri May  9 11:29:50 2025
,nan,nan,nan,nan,nan,nan,nan
Fri May  9 11:29:59 2025
,nan,nan,nan,nan,nan,nan,nan
Fri May  9 11:30:07 2025
,nan,nan,nan,nan,nan,nan,nan
Fri May  9 11:30:16 2025
,nan,nan,nan,nan,nan,nan,nan
Fri May  9 11:30:24 2025
,nan,nan,nan,nan,nan,nan,nan
Fri May  9 11:30:33 2025
,nan,nan,nan,nan,nan,nan,nan
Fri May  9 11:30:41 2025
,nan,nan,nan,nan,nan,nan,nan
Fri May  9 11:30:50 2025
,nan,nan,nan,nan,nan,nan,nan
Fri May  9 11:30:58 2025
,nan,nan,nan,nan,nan,nan,nan
Fri May  9 11:31:07 2025
,nan,nan,nan,nan,nan,nan,nan
Fri May  9 11:31:15 2025
,nan,nan,nan,nan,nan,nan,nan
Fri May  9 11:31:24 2025
,nan,nan,nan,nan,nan,nan,nan
Fri May  9 11:31:32 2025
,nan,nan,nan,nan,nan,nan,nan
Fri May  9 11:31:41 2025
,nan,nan,nan,nan,nan,nan,nan
Fri May  9 11:31:49 2025
,nan,nan,nan,nan,nan,nan,nan
Fri May  9 11:31:58 2025
,nan,nan,nan,nan,nan,nan,nan
Fri May  9 11:32:06 2025
,nan,nan,nan,nan,nan,nan,nan
Fri May  9 11:32:15 2025
,nan,nan,nan,nan,nan,nan,nan
Fri May  9 11:32:23 2025
,nan,nan,nan,nan,nan,nan,nan
Fri May  9 11:32:32 2025
,nan,nan,nan,nan,nan,nan,nan
Fri May  9 11:32:40 2025
,nan,nan,nan,nan,nan,nan,nan
Fri May  9 11:32:49 2025
,nan,nan,nan,nan,nan,nan,nan
Fri May  9 11:32:57 2025
,nan,nan,nan,nan,nan,nan,nan
Fri May  9 11:33:06 2025
,nan,nan,nan,nan,nan,nan,nan
Fri May  9 11:33:14 2025
,nan,nan,nan,nan,nan,nan,nan
Fri May  9 11:33:23 2025
,nan,nan,nan,nan,nan,nan,nan
Fri May  9 11:33:31 2025
,nan,nan,nan,nan,nan,nan,nan
Fri May  9 11:33:40 2025
,nan,nan,nan,nan,nan,nan,nan
Fri May  9 11:33:48 2025
,nan,nan,nan,nan,nan,nan,nan
Fri May  9 11:33:57 2025
,nan,nan,nan,nan,nan,nan,nan
Fri May  9 11:34:05 2025
,nan,nan,nan,nan,nan,nan,nan
Fri May  9 11:34:14 2025
,nan,nan,nan,nan,nan,nan,nan
Fri May  9 11:34:22 2025
,nan,nan,nan,nan,nan,nan,nan
Fri May  9 11:34:31 2025
,nan,nan,nan,nan,nan,nan,nan
Fri May  9 11:34:39 2025
,nan,nan,nan,nan,nan,nan,nan
Fri May  9 11:34:48 2025
,nan,nan,nan,nan,nan,nan,nan
Fri May  9 11:34:56 2025
,nan,nan,nan,nan,nan,nan,nan
Fri May  9 11:35:05 2025
,nan,nan,nan,nan,nan,nan,nan
Fri May  9 11:35:13 2025
,nan,nan,nan,nan,nan,nan,nan
Fri May  9 11:35:22 2025
,nan,nan,nan,nan,nan,nan,nan
Fri May  9 11:35:30 2025
,nan,nan,nan,nan,nan,nan,nan
Fri May  9 11:35:39 2025
,nan,nan,nan,nan,nan,nan,nan
Fri May  9 11:35:47 2025
,nan,nan,nan,nan,nan,nan,nan
Fri May  9 11:35:56 2025
,nan,nan,nan,nan,nan,nan,nan
Fri May  9 11:36:04 2025
,nan,nan,nan,nan,nan,nan,nan
Fri May  9 11:36:13 2025
,nan,nan,nan,nan,nan,nan,nan
Fri May  9 11:36:21 2025
,nan,nan,nan,nan,nan,nan,nan
Fri May  9 11:36:30 2025
,nan,nan,nan,nan,nan,nan,nan
Fri May  9 11:36:38 2025
,nan,nan,nan,nan,nan,nan,nan
Fri May  9 11:36:47 2025
,nan,nan,nan,nan,nan,nan,nan
Fri May  9 11:36:55 2025
,nan,nan,nan,nan,nan,nan,nan
Fri May  9 11:37:04 2025
,nan,nan,nan,nan,nan,nan,nan
Fri May  9 11:37:12 2025
,nan,nan,nan,nan,nan,nan,nan
Fri May  9 11:37:21 2025
,nan,nan,nan,nan,nan,nan,nan
Fri May  9 11:37:29 2025
,nan,nan,nan,nan,nan,nan,nan
Fri May  9 11:37:38 2025
,nan,nan,nan,nan,nan,nan,nan
Fri May  9 11:37:46 2025
,nan,nan,nan,nan,nan,nan,nan
Fri May  9 11:37:55 2025
,nan,nan,nan,nan,nan,nan,nan
Fri May  9 11:38:03 2025
,nan,nan,nan,nan,nan,nan,nan
Fri May  9 11:38:12 2025
,nan,nan,nan,nan,nan,nan,nan
Fri May  9 11:38:20 2025
,nan,nan,nan,nan,nan,nan,nan
Fri May  9 11:38:29 2025
,nan,nan,nan,nan,nan,nan,nan
Fri May  9 11:38:37 2025
,nan,nan,nan,nan,nan,nan,nan
Fri May  9 11:38:46 2025
,nan,nan,nan,nan,nan,nan,nan
Fri May  9 11:38:54 2025
,nan,nan,nan,nan,nan,nan,nan
Fri May  9 11:39:03 2025
,nan,nan,nan,nan,nan,nan,nan
Fri May  9 11:39:11 2025
,nan,nan,nan,nan,nan,nan,nan
Fri May  9 11:39:20 2025
,nan,nan,nan,nan,nan,nan,nan
Fri May  9 11:39:28 2025
,nan,nan,nan,nan,nan,nan,nan
Fri May  9 11:39:37 2025
,nan,nan,nan,nan,nan,nan,nan
Fri May  9 11:39:45 2025
,nan,nan,nan,nan,nan,nan,nan
Fri May  9 11:39:54 2025
,nan,nan,nan,nan,nan,nan,nan
Fri May  9 11:40:02 2025
,nan,nan,nan,nan,nan,nan,nan
Fri May  9 11:40:11 2025
,nan,nan,nan,nan,nan,nan,nan
Fri May  9 11:40:19 2025
,nan,nan,nan,nan,nan,nan,nan
Fri May  9 11:40:28 2025
,nan,nan,nan,nan,nan,nan,nan
Fri May  9 11:40:36 2025
,nan,nan,nan,nan,nan,nan,nan
Fri May  9 11:40:45 2025
,nan,nan,nan,nan,nan,nan,nan
Fri May  9 11:40:53 2025
,nan,nan,nan,nan,nan,nan,nan
Fri May  9 11:41:02 2025
,nan,nan,nan,nan,nan,nan,nan
Fri May  9 11:41:10 2025
,nan,nan,nan,nan,nan,nan,nan
Fri May  9 11:41:19 2025
,nan,nan,nan,nan,nan,nan,nan
Fri May  9 11:41:27 2025
,nan,nan,nan,nan,nan,nan,nan
Fri May  9 11:41:36 2025
,nan,nan,nan,nan,nan,nan,nan
Fri May  9 11:41:44 2025
,nan,nan,nan,nan,nan,nan,nan
Fri May  9 11:41:53 2025
,nan,nan,nan,nan,nan,nan,nan
Fri May  9 11:42:01 2025
,nan,nan,nan,nan,nan,nan,nan
Fri May  9 11:42:10 2025
,nan,nan,nan,nan,nan,nan,nan
Fri May  9 11:42:18 2025
,nan,nan,nan,nan,nan,nan,nan
Fri May  9 11:42:27 2025
,nan,nan,nan,nan,nan,nan,nan
Fri May  9 11:42:35 2025
,nan,nan,nan,nan,nan,nan,nan
Fri May  9 11:42:44 2025
,nan,nan,nan,nan,nan,nan,nan
Fri May  9 11:42:52 2025
,nan,nan,nan,nan,nan,nan,nan
Fri May  9 11:43:01 2025
,nan,nan,nan,nan,nan,nan,nan
Fri May  9 11:43:09 2025
,nan,nan,nan,nan,nan,nan,nan
Fri May  9 11:43:18 2025
,nan,nan,nan,nan,nan,nan,nan
Fri May  9 11:43:26 2025
,nan,nan,nan,nan,nan,nan,nan
Fri May  9 11:43:35 2025
,nan,nan,nan,nan,nan,nan,nan
Fri May  9 11:43:43 2025
,nan,nan,nan,nan,nan,nan,nan
Fri May  9 11:43:52 2025
,nan,nan,nan,nan,nan,nan,nan
Fri May  9 11:44:00 2025
,nan,nan,nan,nan,nan,nan,nan
Fri May  9 11:44:09 2025
,nan,nan,nan,nan,nan,nan,nan
Fri May  9 11:44:17 2025
,nan,nan,nan,nan,nan,nan,nan
Fri May  9 11:44:26 2025
,nan,nan,nan,nan,nan,nan,nan
Fri May  9 11:44:34 2025
,nan,nan,nan,nan,nan,nan,nan
Fri May  9 11:44:43 2025
,nan,nan,nan,nan,nan,nan,nan
Fri May  9 11:44:51 2025
,nan,nan,nan,nan,nan,nan,nan
Fri May  9 11:45:00 2025
,nan,nan,nan,nan,nan,nan,nan
Fri May  9 11:45:08 2025
,nan,nan,nan,nan,nan,nan,nan
Fri May  9 11:45:17 2025
,nan,nan,nan,nan,nan,nan,nan
Fri May  9 11:45:25 2025
,nan,nan,nan,nan,nan,nan,nan
Fri May  9 11:45:34 2025
,nan,nan,nan,nan,nan,nan,nan
Fri May  9 11:45:42 2025
,nan,nan,nan,nan,nan,nan,nan
Fri May  9 11:45:51 2025
,nan,nan,nan,nan,nan,nan,nan
Fri May  9 11:45:59 2025
,nan,nan,nan,nan,nan,nan,nan
Fri May  9 11:46:08 2025
,nan,nan,nan,nan,nan,nan,nan
Fri May  9 11:46:16 2025
,nan,nan,nan,nan,nan,nan,nan
Fri May  9 11:46:25 2025
,nan,nan,nan,nan,nan,nan,nan
Fri May  9 11:46:33 2025
,nan,nan,nan,nan,nan,nan,nan
Fri May  9 11:46:42 2025
,nan,nan,nan,nan,nan,nan,nan
Fri May  9 11:46:50 2025
,nan,nan,nan,nan,nan,nan,nan
Fri May  9 11:46:59 2025
,nan,nan,nan,nan,nan,nan,nan
Fri May  9 11:47:07 2025
,nan,nan,nan,nan,nan,nan,nan
Fri May  9 11:47:16 2025
,nan,nan,nan,nan,nan,nan,nan
Fri May  9 11:47:24 2025
,nan,nan,nan,nan,nan,nan,nan
Fri May  9 11:47:33 2025
,nan,nan,nan,nan,nan,nan,nan
Fri May  9 11:47:41 2025
,nan,nan,nan,nan,nan,nan,nan
Fri May  9 11:47:50 2025
,nan,nan,nan,nan,nan,nan,nan
Fri May  9 11:47:58 2025
,nan,nan,nan,nan,nan,nan,nan
Fri May  9 11:48:07 2025
,nan,nan,nan,nan,nan,nan,nan
Fri May  9 11:48:15 2025
,nan,nan,nan,nan,nan,nan,nan
Fri May  9 11:48:24 2025
,nan,nan,nan,nan,nan,nan,nan
Fri May  9 11:48:32 2025
,nan,nan,nan,nan,nan,nan,nan
Fri May  9 11:48:41 2025
,nan,nan,nan,nan,nan,nan,nan
Fri May  9 11:48:49 2025
,nan,nan,nan,nan,nan,nan,nan
Fri May  9 11:48:58 2025
,nan,nan,nan,nan,nan,nan,nan
Fri May  9 11:49:06 2025
,nan,nan,nan,nan,nan,nan,nan
Fri May  9 11:49:15 2025
,nan,nan,nan,nan,nan,nan,nan
Fri May  9 11:49:23 2025
,nan,nan,nan,nan,nan,nan,nan
Fri May  9 11:49:32 2025
,nan,nan,nan,nan,nan,nan,nan
Fri May  9 11:49:40 2025
,nan,nan,nan,nan,nan,nan,nan
Fri May  9 11:49:49 2025
,nan,nan,nan,nan,nan,nan,nan
Fri May  9 11:49:57 2025
,nan,nan,nan,nan,nan,nan,nan
Fri May  9 11:50:06 2025
,nan,nan,nan,nan,nan,nan,nan
Fri May  9 11:50:14 2025
,nan,nan,nan,nan,nan,nan,nan
Fri May  9 11:50:23 2025
,nan,nan,nan,nan,nan,nan,nan
Fri May  9 11:50:31 2025
,nan,nan,nan,nan,nan,nan,nan
Fri May  9 11:50:40 2025
,nan,nan,nan,nan,nan,nan,nan
Fri May  9 11:50:48 2025
,nan,nan,nan,nan,nan,nan,nan
Fri May  9 11:50:57 2025
,nan,nan,nan,nan,nan,nan,nan
Fri May  9 11:51:05 2025
,nan,nan,nan,nan,nan,nan,nan
Fri May  9 11:51:14 2025
,nan,nan,nan,nan,nan,nan,nan
Fri May  9 11:51:22 2025
,nan,nan,nan,nan,nan,nan,nan
Fri May  9 11:51:31 2025
,nan,nan,nan,nan,nan,nan,nan
Fri May  9 11:51:39 2025
,nan,nan,nan,nan,nan,nan,nan
Fri May  9 11:51:48 2025
,nan,nan,nan,nan,nan,nan,nan
Fri May  9 11:51:56 2025
,nan,nan,nan,nan,nan,nan,nan
Fri May  9 11:52:05 2025
,nan,nan,nan,nan,nan,nan,nan
Fri May  9 11:52:13 2025
,nan,nan,nan,nan,nan,nan,nan
Fri May  9 11:52:22 2025
,nan,nan,nan,nan,nan,nan,nan
Fri May  9 11:52:30 2025
,nan,nan,nan,nan,nan,nan,nan
Fri May  9 11:52:39 2025
,nan,nan,nan,nan,nan,nan,nan
Fri May  9 11:52:47 2025
,nan,nan,nan,nan,nan,nan,nan
Fri May  9 11:52:56 2025
,nan,nan,nan,nan,nan,nan,nan
Fri May  9 11:53:04 2025
,nan,nan,nan,nan,nan,nan,nan
Fri May  9 11:53:13 2025
,nan,nan,nan,nan,nan,nan,nan
Fri May  9 11:53:21 2025
,nan,nan,nan,nan,nan,nan,nan
Fri May  9 11:53:30 2025
,nan,nan,nan,nan,nan,nan,nan
Fri May  9 11:53:38 2025
,nan,nan,nan,nan,nan,nan,nan
Fri May  9 11:53:47 2025
,nan,nan,nan,nan,nan,nan,nan
Fri May  9 11:53:55 2025
,nan,nan,nan,nan,nan,nan,nan
Fri May  9 11:54:04 2025
,nan,nan,nan,nan,nan,nan,nan
Fri May  9 11:54:12 2025
,nan,nan,nan,nan,nan,nan,nan
Fri May  9 11:54:21 2025
,nan,nan,nan,nan,nan,nan,nan
Fri May  9 11:54:29 2025
,nan,nan,nan,nan,nan,nan,nan
Fri May  9 11:54:38 2025
,nan,nan,nan,nan,nan,nan,nan
Fri May  9 11:54:46 2025
,nan,nan,nan,nan,nan,nan,nan
Fri May  9 11:54:55 2025
,nan,nan,nan,nan,nan,nan,nan
Fri May  9 11:55:03 2025
,nan,nan,nan,nan,nan,nan,nan
Fri May  9 11:55:12 2025
,nan,nan,nan,nan,nan,nan,nan
Fri May  9 11:55:20 2025
,nan,nan,nan,nan,nan,nan,nan
Fri May  9 11:55:29 2025
,nan,nan,nan,nan,nan,nan,nan
Fri May  9 11:55:37 2025
,nan,nan,nan,nan,nan,nan,nan
Fri May  9 11:55:46 2025
,nan,nan,nan,nan,nan,nan,nan
Fri May  9 11:55:54 2025
,nan,nan,nan,nan,nan,nan,nan
Fri May  9 11:56:03 2025
,nan,nan,nan,nan,nan,nan,nan
Fri May  9 11:56:11 2025
,nan,nan,nan,nan,nan,nan,nan
Fri May  9 11:56:20 2025
,nan,nan,nan,nan,nan,nan,nan
Fri May  9 11:56:28 2025
,nan,nan,nan,nan,nan,nan,nan
Fri May  9 11:56:37 2025
,nan,nan,nan,nan,nan,nan,nan
Fri May  9 11:56:45 2025
,nan,nan,nan,nan,nan,nan,nan
Fri May  9 11:56:54 2025
,nan,nan,nan,nan,nan,nan,nan
Fri May  9 11:57:02 2025
,nan,nan,nan,nan,nan,nan,nan
Fri May  9 11:57:11 2025
,nan,nan,nan,nan,nan,nan,nan
Fri May  9 11:57:19 2025
,nan,nan,nan,nan,nan,nan,nan
Fri May  9 11:57:28 2025
,nan,nan,nan,nan,nan,nan,nan
Fri May  9 11:57:36 2025
,nan,nan,nan,nan,nan,nan,nan
Fri May  9 11:57:45 2025
,nan,nan,nan,nan,nan,nan,nan
Fri May  9 11:57:53 2025
,nan,nan,nan,nan,nan,nan,nan
Fri May  9 11:58:02 2025
,nan,nan,nan,nan,nan,nan,nan
Fri May  9 11:58:10 2025
,nan,nan,nan,nan,nan,nan,nan
Fri May  9 11:58:19 2025
,nan,nan,nan,nan,nan,nan,nan
Fri May  9 11:58:27 2025
,nan,nan,nan,nan,nan,nan,nan
Fri May  9 11:58:36 2025
,nan,nan,nan,nan,nan,nan,nan
Fri May  9 11:58:44 2025
,nan,nan,nan,nan,nan,nan,nan
Fri May  9 11:58:53 2025
,nan,nan,nan,nan,nan,nan,nan
Fri May  9 11:59:01 2025
,nan,nan,nan,nan,nan,nan,nan
Fri May  9 11:59:10 2025
,nan,nan,nan,nan,nan,nan,nan
Fri May  9 11:59:18 2025
,nan,nan,nan,nan,nan,nan,nan
Fri May  9 11:59:27 2025
,nan,nan,nan,nan,nan,nan,nan
Fri May  9 11:59:35 2025
,nan,nan,nan,nan,nan,nan,nan
Fri May  9 11:59:44 2025
,nan,nan,nan,nan,nan,nan,nan
Fri May  9 11:59:52 2025
,nan,nan,nan,nan,nan,nan,nan
Fri May  9 12:00:01 2025
,nan,nan,nan,nan,nan,nan,nan
Fri May  9 12:00:09 2025
,nan,nan,nan,nan,nan,nan,nan
Fri May  9 12:00:18 2025
,nan,nan,nan,nan,nan,nan,nan
Fri May  9 12:00:26 2025
,nan,nan,nan,nan,nan,nan,nan
Fri May  9 12:00:35 2025
,nan,nan,nan,nan,nan,nan,nan
Fri May  9 12:00:43 2025
,nan,nan,nan,nan,nan,nan,nan
Fri May  9 12:00:52 2025
,nan,nan,nan,nan,nan,nan,nan
Fri May  9 12:01:00 2025
,nan,nan,nan,nan,nan,nan,nan
Fri May  9 12:01:09 2025
,nan,nan,nan,nan,nan,nan,nan
Fri May  9 12:01:17 2025
,nan,nan,nan,nan,nan,nan,nan
Tiempo,Profundidad,Temperatura,pH,DO_SAT,DO,Blue,Chl
Fri May  9 12:00:35 2025
,nan,nan,nan,nan,nan,nan,nan
Fri May  9 12:00:44 2025
,nan,nan,nan,nan,nan,nan,nan
Fri May  9 12:00:52 2025
,nan,nan,nan,nan,nan,nan,nan
Fri May  9 12:01:01 2025
,nan,nan,nan,nan,nan,nan,nan
Fri May  9 12:01:09 2025
,nan,nan,nan,nan,nan,nan,nan
Tiempo,Profundidad,Temperatura,pH,DO_SAT,DO,Blue,Chl
Fri May  9 12:00:35 2025
,nan,nan,nan,nan,nan,nan,nan
Fri May  9 12:00:44 2025
,nan,nan,nan,nan,nan,nan,nan
Fri May  9 12:00:52 2025
,nan,nan,nan,nan,nan,nan,nan
Fri May  9 12:01:01 2025
,nan,nan,nan,nan,nan,nan,nan
Fri May  9 12:01:09 2025
,nan,nan,nan,nan,nan,nan,nan
Fri May  9 12:01:18 2025
,nan,nan,nan,nan,nan,nan,nan
Fri May  9 12:01:26 2025
,nan,nan,nan,nan,nan,nan,nan
Fri May  9 12:01:35 2025
,nan,nan,nan,nan,nan,nan,nan
Fri May  9 12:01:43 2025
,nan,nan,nan,nan,nan,nan,nan
Fri May  9 12:01:52 2025
,nan,nan,nan,nan,nan,nan,nan
Fri May  9 12:02:00 2025
,nan,nan,nan,nan,nan,nan,nan
Fri May  9 12:02:09 2025
,nan,nan,nan,nan,nan,nan,nan
Fri May  9 12:02:17 2025
,nan,nan,nan,nan,nan,nan,nan
Fri May  9 12:02:26 2025
,nan,nan,nan,nan,nan,nan,nan
Fri May  9 12:02:34 2025
,nan,nan,nan,nan,nan,nan,nan
Fri May  9 12:02:43 2025
,nan,nan,nan,nan,nan,nan,nan
Fri May  9 12:02:51 2025
,nan,nan,nan,nan,nan,nan,nan
Fri May  9 12:03:00 2025
,nan,nan,nan,nan,nan,nan,nan
Fri May  9 12:03:08 2025
,nan,nan,nan,nan,nan,nan,nan
Fri May  9 12:03:17 2025
,nan,nan,nan,nan,nan,nan,nan
Fri May  9 12:03:25 2025
,nan,nan,nan,nan,nan,nan,nan
Fri May  9 12:03:34 2025
,nan,nan,nan,nan,nan,nan,nan
Fri May  9 12:03:42 2025
,nan,nan,nan,nan,nan,nan,nan
Fri May  9 12:03:51 2025
,nan,nan,nan,nan,nan,nan,nan
Fri May  9 12:03:59 2025
,nan,nan,nan,nan,nan,nan,nan
Fri May  9 12:04:08 2025
,nan,nan,nan,nan,nan,nan,nan
Fri May  9 12:04:16 2025
,nan,nan,nan,nan,nan,nan,nan
Fri May  9 12:04:22 2025
,-0.7717,32.3768,7.58769,96.9976,7.04298,0,0
Fri May  9 12:04:27 2025
,-0.769718,23.6431,7.19092,96.4239,8.17206,10.5343,3.79522
Fri May  9 12:04:32 2025
,-0.764763,23.6195,7.21698,96.1414,8.15173,2.2632,0.00536033
Fri May  9 12:04:37 2025
,-0.763772,23.6177,7.18318,95.924,8.13357,2.59019,0.105596
Fri May  9 12:04:42 2025
,-0.763772,23.6062,7.22582,96.3317,8.1699,4.71991,1.00755
Fri May  9 12:04:48 2025
,-0.765754,23.6007,7.22053,95.8553,8.13035,2.73068,0.758333
Fri May  9 12:04:53 2025
,-0.755844,nan,7.22642,95.5452,8.10447,4.01035,0.997502
Fri May  9 12:04:59 2025
,-0.753862,23.5883,7.22188,95.8114,8.12852,4.84886,1.07295
Fri May  9 12:05:04 2025
,-0.756835,23.5874,7.21818,95.2808,8.08364,4.24333,0.940975
Fri May  9 12:05:09 2025
,-0.758817,23.5802,7.23512,95.1406,8.07284,6.42185,1.21158
Fri May  9 12:05:14 2025
,-0.755844,23.5807,7.22689,95.7449,8.12403,5.99931,1.09198
Fri May  9 12:05:19 2025
,-0.754853,23.5768,7.23363,95.2724,8.08453,5.88257,1.05026
Fri May  9 12:05:25 2025
,-0.758817,23.564,7.23917,95.2877,8.08779,5.4174,1.07795
Fri May  9 12:05:30 2025
,-0.753862,23.5642,7.23822,95.4446,8.10106,5.12756,1.19407
Fri May  9 12:05:35 2025
,-0.754853,23.5759,7.23089,94.8982,8.05292,6.42534,1.17784
Fri May  9 12:05:40 2025
,-0.750889,23.5536,7.2345,94.8323,8.04728,4.75019,1.20853
Fri May  9 12:05:46 2025
,-0.746925,23.5616,7.23771,94.9785,8.13244,5.35482,nan
Fri May  9 12:05:51 2025
,-0.755844,23.5472,7.23345,95.31,8.09222,4.8614,1.05072
Fri May  9 12:05:56 2025
,-0.749898,23.5437,7.24059,95.5907,8.11659,5.6216,1.05103
Fri May  9 12:06:01 2025
,-0.752871,23.5594,7.23559,95.3698,8.09544,5.07865,1.08274
Fri May  9 12:06:07 2025
,-0.748907,23.5596,7.24475,95.483,8.10502,5.90233,0.972937
Fri May  9 12:06:12 2025
,-0.754853,23.554,7.24539,94.906,8.05689,5.65123,1.17244
Fri May  9 12:06:17 2025
,-0.745934,23.562,7.25306,95.0471,8.06767,5.87159,1.05742
Fri May  9 12:06:22 2025
,-0.745934,23.5518,7.27921,94.777,8.04629,4.72064,1.05197
Fri May  9 12:06:27 2025
,-0.742961,23.5592,7.29172,95.2056,8.08154,5.55217,1.09084
Fri May  9 12:06:33 2025
,-0.744943,23.54,7.30645,95.04,8.0704,6.63786,1.11611
Fri May  9 12:06:38 2025
,-0.749898,23.5432,7.31719,94.9703,8.06399,6.90569,1.01518
Fri May  9 12:06:43 2025
,-0.742961,23.5084,7.32285,95.2144,8.09001,6.00947,1.1077
Fri May  9 12:06:48 2025
,-0.746925,23.4988,7.31482,95.1205,8.08349,6.89438,1.08004
Fri May  9 12:06:53 2025
,-0.742961,23.4923,7.31546,94.6209,8.04203,4.25691,1.07673
Fri May  9 12:06:58 2025
,-0.74197,23.5016,7.31918,95.0351,8.07582,4.9013,1.06264
Fri May  9 12:07:04 2025
,-0.746925,23.4926,7.31342,95.3802,8.10651,5.49141,1.11266
Fri May  9 12:07:09 2025
,-0.744943,23.4915,7.31169,94.9069,8.06645,6.78408,1.05125
Fri May  9 12:07:14 2025
,-0.746925,23.4886,7.31537,95.3089,8.10107,6.87649,0.983719
Fri May  9 12:07:19 2025
,-0.745934,23.4938,7.31519,94.9194,8.06716,5.95248,1.00459
Fri May  9 12:07:24 2025
,-0.738997,23.4867,7.32324,95.041,8.07858,5.79229,1.02906
Fri May  9 12:07:30 2025
,-0.737015,23.4787,7.32706,95.1378,8.08804,6.69553,1.0842
Fri May  9 12:07:35 2025
,-0.744943,23.4622,7.32976,94.9605,8.07546,4.83094,1.03704
Fri May  9 12:07:40 2025
,-0.740979,23.4601,7.33896,94.5914,8.04346,5.67226,1.07223
Fri May  9 12:07:45 2025
,-0.739988,23.4559,7.33963,94.6287,8.0482,5.94615,1.04094
Fri May  9 12:07:50 2025
,-0.744943,23.4489,7.34124,94.9232,8.07431,5.95531,0.996161
Fri May  9 12:07:56 2025
,-0.739988,23.4565,7.37425,94.9232,nan,6.20061,1.01807
Fri May  9 12:08:01 2025
,-0.735033,23.4344,7.37303,94.9634,8.07995,5.29336,1.02835
Fri May  9 12:08:07 2025
,-0.738006,23.4311,7.37338,94.5028,8.04125,5.53131,1.02669
Fri May  9 12:08:12 2025
,-0.738006,23.4167,7.37784,95.1778,8.10088,7.04122,0.989766
Fri May  9 12:08:17 2025
,-0.740979,23.413,7.37991,94.9327,8.08058,6.0002,1.03662
Fri May  9 12:08:22 2025
,-0.732061,23.3972,7.39447,95.2325,8.10851,7.30608,1.07864
Fri May  9 12:08:27 2025
,-0.736024,23.3799,7.39642,95.1118,8.10089,7.60495,1.07101
Fri May  9 12:08:33 2025
,-0.737015,23.3759,7.40156,94.9812,8.09037,6.70911,1.15595
Fri May  9 12:08:38 2025
,-0.736024,23.3712,7.40882,95.6984,8.15218,nan,0.990071
Fri May  9 12:08:43 2025
,-0.730079,23.3694,7.41272,94.8729,8.08214,3.18591,0.71745
Fri May  9 12:08:49 2025
,-0.738006,23.3704,7.41386,95.064,8.09826,6.51226,0.947799
Fri May  9 12:08:54 2025
,-0.738997,23.3706,7.41104,95.1655,8.10688,6.6051,0.952895
Fri May  9 12:08:59 2025
,-0.739988,23.3799,7.4173,95.4124,8.12648,4.93484,1.03656
Fri May  9 12:09:04 2025
,-0.727106,23.3635,7.41848,94.9526,8.08983,6.53512,1.06484
Fri May  9 12:09:09 2025
,-0.735033,23.3638,7.42457,95.4394,8.13126,5.66661,0.990919
Fri May  9 12:09:15 2025
,-0.738997,23.3595,7.43312,95.2488,8.11569,4.95516,1.03155
Fri May  9 12:09:20 2025
,-0.734042,23.3554,7.43759,95.2146,8.11339,4.46354,0.978433
Fri May  9 12:09:25 2025
,-0.73107,nan,7.42667,95.1284,8.10642,6.09719,1.05747
Fri May  9 12:09:31 2025
,-0.73107,23.3387,7.42795,95.192,8.11402,6.17475,1.09079
Fri May  9 12:09:36 2025
,-0.734042,23.3269,7.42937,95.2356,8.11955,6.68291,0.984522
Fri May  9 12:09:41 2025
,-0.736024,23.305,7.42786,94.8684,8.09159,6.01398,0.960368
Fri May  9 12:09:46 2025
,-0.739988,23.3071,7.4354,94.9336,8.09683,6.16324,1.05356
Fri May  9 12:09:51 2025
,-0.736024,23.2952,7.43959,95.2497,8.12561,7.97096,0.980729
Fri May  9 12:09:57 2025
,-0.732061,nan,7.45099,94.6972,8.07729,7.15583,1.06901
Fri May  9 12:10:02 2025
,-0.73107,23.3009,7.44992,95.4981,8.14591,5.64949,0.998079
Fri May  9 12:10:08 2025
,-0.735033,23.2913,7.44882,95.3537,8.13507,7.18813,1.03387
Fri May  9 12:10:13 2025
,-0.733051,23.2906,7.44762,95.577,8.15424,7.19916,1.03698
Fri May  9 12:10:18 2025
,-0.73107,23.2954,7.45158,95.165,8.11835,6.6009,0.986162
Fri May  9 12:10:23 2025
,-0.732061,23.2941,7.449,95.6208,8.15744,5.95593,0.974267
Fri May  9 12:10:28 2025
,-0.732061,23.3043,7.4437,95.4049,8.13745,5.11851,1.00555
Fri May  9 12:10:34 2025
,-0.726115,23.3105,7.44516,95.217,8.12047,5.66779,0.961433
Fri May  9 12:10:39 2025
,-0.733051,23.2972,7.44238,95.2575,8.12596,6.03547,1.0519
Fri May  9 12:10:44 2025
,-0.728097,23.3026,7.43872,95.2437,8.12395,3.51077,1.03737
Fri May  9 12:10:49 2025
,-0.737015,23.3001,7.4357,95.2671,8.12633,5.85239,1.07283
Fri May  9 12:10:54 2025
,-0.722151,23.3022,7.43128,95.4784,8.14405,5.81709,1.0717
Fri May  9 12:10:59 2025
,-0.732061,23.3108,7.42811,95.342,8.13108,5.85588,0.996642
Fri May  9 12:11:05 2025
,-0.727106,23.3127,7.42947,95.3853,8.13449,5.74306,1.07857
Fri May  9 12:11:10 2025
,-0.733051,23.3183,7.44467,95.3685,8.1322,6.89279,1.01292
Fri May  9 12:11:15 2025
,-0.73107,23.3065,7.41857,95.3797,8.13392,6.35067,0.984852
Fri May  9 12:11:21 2025
,-0.727106,23.3146,7.41145,95.4523,8.13992,nan,0.96053
Fri May  9 12:11:26 2025
,-0.72116,23.3173,7.3995,95.1484,8.11358,nan,1.05821
Fri May  9 12:11:32 2025
,-0.725124,23.3107,7.39231,95.4539,8.14065,5.89448,1.06143
Fri May  9 12:11:37 2025
,-0.732061,23.3142,7.39797,95.6076,8.15321,5.39012,1.03533
Fri May  9 12:11:42 2025
,-0.726115,23.3115,nan,95.1,8.11034,5.25152,1.08732
Fri May  9 12:11:48 2025
,-0.735033,23.2937,7.44511,95.5348,8.15017,4.67403,1.06911
Fri May  9 12:11:53 2025
,-0.727106,23.2776,7.44248,95.0144,8.10824,4.82569,0.947572
Fri May  9 12:11:58 2025
,-0.723142,23.2563,7.45385,95.8406,8.18202,3.69278,1.01956
Fri May  9 12:12:03 2025
,-0.722151,23.2477,7.44627,95.4206,8.1475,6.43192,0.897068
Fri May  9 12:12:08 2025
,-0.719178,23.2223,7.44706,95.7173,8.17676,5.47362,1.00581
Fri May  9 12:12:14 2025
,-0.723142,23.2091,7.43908,95.8218,8.18772,3.37019,1.00686
Fri May  9 12:12:19 2025
,-0.729088,23.2183,7.44141,95.6413,8.17088,5.35747,1.02118
Fri May  9 12:12:24 2025
,-0.724133,23.2215,7.43925,96.1995,8.21806,5.61421,1.06323
Fri May  9 12:12:29 2025
,-0.72116,23.2133,7.44874,96.2975,8.22772,6.68996,1.00541
Fri May  9 12:12:34 2025
,-0.72116,23.2173,7.44922,95.6977,8.17584,5.63381,0.98085
Fri May  9 12:12:40 2025
,-0.723142,23.2195,7.44344,95.7815,8.18267,nan,1.10154
Fri May  9 12:12:46 2025
,-0.725124,23.1913,7.44801,nan,8.17394,4.62537,0.99864
Fri May  9 12:12:51 2025
,-0.727106,23.1741,nan,95.7293,8.18523,5.4134,0.992574
Fri May  9 12:12:57 2025
,-0.728097,23.1622,7.44146,95.6851,8.18329,3.64971,0.508937
Fri May  9 12:13:02 2025
,-0.729088,23.1518,7.43482,95.5623,8.17439,4.39382,0.57358
Fri May  9 12:13:07 2025
,-0.724133,23.1585,7.43738,95.6426,8.18023,5.54715,0.530781
Fri May  9 12:13:12 2025
,-0.726115,23.1455,7.43751,95.5211,8.17185,4.89939,0.457804
Fri May  9 12:13:17 2025
,-0.72116,23.1362,7.43328,95.6704,8.18607,4.0309,0.381542
Fri May  9 12:13:23 2025
,-0.726115,23.1283,7.40317,95.798,8.19822,2.85933,0.00321901
Fri May  9 12:13:28 2025
,-0.724133,23.1393,7.38572,95.7682,8.19395,3.90403,0.152168
Fri May  9 12:13:33 2025
,-0.688457,23.139,6.92365,99.0644,8.47603,0,0
Fri May  9 12:13:38 2025
,-0.625035,23.4457,6.70246,109.126,9.28302,0,0
Fri May  9 12:13:43 2025
,-0.658728,23.7474,6.67067,113.408,9.59266,0,0
Fri May  9 12:13:49 2025
,-0.655755,23.8823,6.73949,116.939,9.86636,1.09155,0
Fri May  9 12:13:54 2025
,-0.649809,23.9821,6.72576,118.727,9.99855,0,0
Fri May  9 12:13:59 2025
,-0.635936,24.075,6.75571,119.77,10.0689,2.07482,0
Fri May  9 12:14:04 2025
,-0.643863,24.1301,6.81473,120.079,10.0845,0,0
Fri May  9 12:14:09 2025
,-0.6399,24.1754,6.83547,120.616,10.1211,0.485698,0
Fri May  9 12:14:15 2025
,-0.641882,24.2091,6.92328,121.016,10.1482,0,0
Fri May  9 12:14:20 2025
,-0.637918,24.2462,7.00845,120.428,10.0919,0.964066,0
Fri May  9 12:14:25 2025
,-0.634945,24.2998,7.0283,123.391,10.3343,0,0
Fri May  9 12:14:30 2025
,-0.626026,24.2998,7.0283,124.405,10.4148,0.921906,0
Fri May  9 12:14:36 2025
,-0.594315,24.3368,7.12901,122.544,10.252,0,nan
Fri May  9 12:14:42 2025
,-0.357471,nan,7.16881,121.939,10.2,0,0
Fri May  9 12:14:47 2025
,0.0428842,24.3747,7.20812,122.733,10.2606,0.29235,0
Fri May  9 12:14:52 2025
,0.380808,24.3853,7.22394,125.144,nan,0.711156,0
Fri May  9 12:14:58 2025
,0.691975,24.3998,7.20042,125.751,10.508,0.338992,0
Fri May  9 12:15:03 2025
,0.975394,24.415,7.20609,128.744,10.755,0.767851,0
Fri May  9 12:15:08 2025
,1.27269,24.411,7.21564,130.008,10.8615,0,0
Fri May  9 12:15:13 2025
,1.54917,24.4181,7.23783,130.886,10.9334,0.80052,0
Fri May  9 12:15:18 2025
,1.8425,24.4339,7.24347,132.233,11.0427,0,0
Fri May  9 12:15:24 2025
,1.98025,24.4395,7.26254,134.142,11.2009,0,0
Fri May  9 12:15:29 2025
,1.9743,24.4405,7.281,134.042,11.1923,0.199171,0
Fri May  9 12:15:34 2025
,1.99214,24.4556,7.26386,134.913,11.2619,0,0
Fri May  9 12:15:40 2025
,1.99313,24.4508,7.28969,nan,11.2196,0.431541,0
Fri May  9 12:15:45 2025
,1.99313,24.4621,7.30443,133.311,11.1269,0.385845,0
Fri May  9 12:15:50 2025
,1.95448,24.4655,7.31553,134.557,11.2314,0,0
Fri May  9 12:15:56 2025
,1.67602,24.4528,7.31735,133.297,nan,0,0
Fri May  9 12:16:01 2025
,1.39854,24.4715,7.32041,133.572,11.1467,1.51314,0
Fri May  9 12:16:06 2025
,1.17854,24.4772,7.32336,131.806,10.9981,0,0
Fri May  9 12:16:11 2025
,0.961521,24.471,7.31192,130.722,10.9089,1.35347,0
Fri May  9 12:16:17 2025
,0.661254,24.4796,7.32607,129.4,10.7969,0,0
Fri May  9 12:16:22 2025
,0.359997,24.4887,7.31786,127.245,10.6152,0.40284,nan
Fri May  9 12:16:27 2025
,0.143964,24.4757,7.31798,125.637,10.4837,0,0
Fri May  9 12:16:33 2025
,-0.0978347,24.4791,7.32633,124.915,10.4228,0,0
Fri May  9 12:16:38 2025
,-0.413957,24.4867,7.32733,124.085,10.3521,1.21057,0
Fri May  9 12:16:43 2025
,-0.613143,24.4955,7.32358,123.505,10.3019,0.676095,0
Fri May  9 12:16:48 2025
,-0.605215,24.4837,7.3243,122.433,10.2148,0,0
Fri May  9 12:16:53 2025
,-0.605215,24.4883,7.32297,120.178,10.0258,0.0179913,0
Fri May  9 12:16:59 2025
,-0.612152,24.4902,7.32383,118.585,9.89258,0,0
Fri May  9 12:17:04 2025
,-0.602242,24.4884,7.32305,118.211,9.86166,1.28142,0
Fri May  9 12:17:09 2025
,-0.609179,24.4966,7.31951,117.022,9.76099,nan,0
Fri May  9 12:17:15 2025
,-0.606206,24.4809,7.31656,117.133,9.77314,1.03775,0
Fri May  9 12:17:20 2025
,-0.596297,24.4857,7.32707,118.536,9.88932,0.0416516,0
Fri May  9 12:17:26 2025
,nan,24.5063,nan,121.326,10.1182,0,0
Fri May  9 12:17:31 2025
,-0.591342,24.4961,7.3244,119.537,9.97085,0.546548,0
Fri May  9 12:17:36 2025
,-0.595306,24.4881,7.33567,120.048,10.015,0,0
Fri May  9 12:17:42 2025
,-0.591342,24.4989,7.35829,121.268,10.1148,0.733611,0
Fri May  9 12:17:47 2025
,-0.596297,24.5034,7.34796,122.076,10.1813,0,0
Fri May  9 12:17:52 2025
,-0.594315,24.5045,7.33728,122.751,10.2374,0.62464,0
Fri May  9 12:17:57 2025
,-0.596297,24.5018,7.33539,120.681,10.0653,0.685206,0
Fri May  9 12:18:03 2025
,-0.595306,24.5012,7.33916,nan,9.9316,0,0
Fri May  9 12:18:08 2025
,-0.591342,24.4995,7.33105,118.816,9.9101,0.289366,0
Fri May  9 12:18:13 2025
,-0.597288,24.4967,7.32878,118.725,9.90307,0.762336,0
Fri May  9 12:18:18 2025
,-0.60026,24.4986,7.34914,120.541,10.0541,0.690656,0
Fri May  9 12:18:24 2025
,-0.590351,24.4907,7.3561,121.152,10.1067,0,0
Fri May  9 12:18:29 2025
,-0.598279,24.4933,nan,123.123,10.2705,0.373505,0
Fri May  9 12:18:35 2025
,-0.583414,24.498,7.3638,122.824,10.2447,0,0
Fri May  9 12:18:40 2025
,-0.591342,24.5026,7.36991,122.27,10.1976,nan,0
Fri May  9 12:18:46 2025
,nan,24.5031,7.37092,120.419,10.0431,1.19573,0
Fri May  9 12:18:52 2025
,-0.18405,24.5023,7.36878,nan,9.96739,0.0625507,0
Fri May  9 12:18:57 2025
,0.0983789,24.4992,7.3732,121.362,10.1225,0,0
Fri May  9 12:19:02 2025
,0.416483,24.5042,7.38778,nan,10.3021,0.35703,0
Fri May  9 12:19:08 2025
,0.724677,24.5035,7.37764,124.961,10.4219,0.303307,0
Fri May  9 12:19:13 2025
,1.02693,24.5099,7.38861,127.836,10.6604,0.460529,0
Fri May  9 12:19:18 2025
,1.38764,24.5188,7.3944,129.699,10.814,0.488658,0
Fri May  9 12:19:23 2025
,1.76421,24.5138,7.4019,132.162,11.0203,0,0
Fri May  9 12:19:28 2025
,2.02187,24.5104,7.40972,133.5,11.1326,0.202454,0
Fri May  9 12:19:34 2025
,2.34096,24.5065,7.40974,136.005,11.3423,0.445416,0
Fri May  9 12:19:39 2025
,2.46087,24.5184,7.41508,137.776,11.4875,2.53366,0
Fri May  9 12:19:45 2025
,2.4579,nan,7.42016,138.653,11.562,0,nan
Fri May  9 12:19:50 2025
,2.46087,24.5104,7.42494,138.224,11.5253,0.947139,0
Fri May  9 12:19:55 2025
,2.4688,24.5104,7.42494,138.826,11.5768,2.67925,0
Fri May  9 12:20:00 2025
,2.46384,24.5218,7.42729,138.208,11.5228,1.5779,0
Fri May  9 12:20:06 2025
,2.46583,24.5139,7.42778,138.187,11.5227,0.819222,0
Fri May  9 12:20:11 2025
,2.45889,24.5195,7.42815,138.115,11.5155,0.0448707,0
Fri May  9 12:20:16 2025
,2.46583,24.5181,7.42753,138.553,11.5524,0.389709,0
Fri May  9 12:20:21 2025
,2.46483,24.5212,7.42781,138.102,11.5141,0,0
Fri May  9 12:20:26 2025
,2.46087,24.5308,7.42807,137.725,11.4806,0.70974,0
Fri May  9 12:20:32 2025
,2.46483,24.5271,7.42704,138.981,11.5861,1.11444,0
Fri May  9 12:20:37 2025
,2.46483,24.5125,7.42562,138.539,11.5523,0.3551,0
Fri May  9 12:20:42 2025
,2.46979,24.539,7.42226,138.712,11.5611,0,0
Fri May  9 12:20:47 2025
,2.4688,24.5308,7.42474,137.936,11.4982,0.46317,0
Fri May  9 12:20:52 2025
,2.46682,24.5354,7.42797,137.096,11.4272,0.539479,0
Fri May  9 12:20:58 2025
,2.47078,24.5337,7.43011,137.899,11.4945,1.73444,0
Fri May  9 12:21:03 2025
,2.46583,24.5283,7.43264,137.221,11.4391,0.644772,0
Fri May  9 12:21:08 2025
,2.47474,24.5237,7.43662,137.637,11.4748,0,0
Fri May  9 12:21:13 2025
,2.46682,24.5262,7.43834,137.362,11.4513,0.159815,0.0364605
Fri May  9 12:21:18 2025
,2.47177,24.533,7.4398,136.898,11.4112,0,0
Fri May  9 12:21:24 2025
,2.45195,24.5279,7.44016,137.83,11.4899,1.42629,0
Fri May  9 12:21:29 2025
,2.44898,24.5187,7.44104,138.227,11.5251,1.11302,0
Fri May  9 12:21:34 2025
,2.44997,24.5264,7.44235,137.425,11.4566,0.329399,0
Fri May  9 12:21:39 2025
,2.44898,24.5241,7.44037,137.283,11.4452,0,0
Fri May  9 12:21:45 2025
,2.45393,nan,7.44357,137.921,11.498,0,0
Fri May  9 12:21:51 2025
,nan,24.5241,7.44631,137.397,11.4547,nan,0
Fri May  9 12:21:56 2025
,2.44303,24.5347,7.45098,136.911,11.4119,0.98619,0
Fri May  9 12:22:01 2025
,2.45492,24.5345,7.45334,136.609,11.3868,0.765503,0
Fri May  9 12:22:07 2025
,2.4024,24.5289,7.45303,136.479,11.3771,0,0
Fri May  9 12:22:12 2025
,2.39547,24.5171,7.45167,135.442,11.2932,0.0628318,0
Fri May  9 12:22:17 2025
,2.4579,24.5388,7.44866,137.216,11.4364,0.0887855,0
Fri May  9 12:22:22 2025
,2.42123,24.5167,7.45262,136.791,11.4058,0.380813,0
Fri May  9 12:22:27 2025
,2.43411,24.5277,7.45924,137.015,11.4221,1.17959,0
Fri May  9 12:22:33 2025
,2.45294,24.5229,7.45769,136.054,11.343,0,0
Fri May  9 12:22:38 2025
,2.44997,24.5203,7.46475,136.523,11.3826,0.946189,0
Fri May  9 12:22:43 2025
,2.45096,24.5234,7.46451,136.884,11.4121,0,0
Fri May  9 12:22:48 2025
,2.45988,24.5111,7.46893,136.866,11.4132,0.876441,0
Fri May  9 12:22:53 2025
,2.44303,24.5153,7.473,135.044,11.2604,0,0
Fri May  9 12:22:59 2025
,2.45592,24.5223,7.47589,nan,11.3736,0.687933,0
Fri May  9 12:23:04 2025
,2.45096,24.519,7.4758,136.732,11.4003,0.870485,0
Fri May  9 12:23:09 2025
,2.44898,24.5153,7.47947,135.496,11.2981,1.54687,0
Fri May  9 12:23:15 2025
,2.45195,24.5121,7.48032,135.925,11.3345,2.05757,0
Fri May  9 12:23:20 2025
,2.46186,24.5037,7.48153,135.459,11.2974,0.53933,0
Fri May  9 12:23:25 2025
,2.45691,24.5107,7.48377,136.577,11.3881,0,0
Fri May  9 12:23:30 2025
,2.45889,24.5048,7.48479,134.899,11.2492,3.03349,0
Fri May  9 12:23:35 2025
,2.45294,24.5135,7.48849,135.283,11.2806,0.662124,0
Fri May  9 12:23:41 2025
,2.45592,24.5076,7.49023,135.541,11.3034,0,0
Fri May  9 12:23:46 2025
,2.45492,24.511,7.4917,134.73,11.2351,1.12702,0
Fri May  9 12:23:51 2025
,2.44501,24.5128,7.4926,135.699,11.3155,0.698842,0
Fri May  9 12:23:56 2025
,2.45294,24.5111,7.49379,134.67,11.23,0.670093,0
Fri May  9 12:24:01 2025
,2.44501,24.5136,7.49424,134.181,11.1888,1.05175,0
Fri May  9 12:24:07 2025
,2.43709,24.5156,7.49708,133.948,11.1689,1.63597,0
Fri May  9 12:24:12 2025
,2.41727,24.5035,7.49645,134.582,11.2243,0.0200215,0
Fri May  9 12:24:17 2025
,2.33403,24.5054,7.49727,135.292,11.2831,0.111847,0
Fri May  9 12:24:22 2025
,2.35087,24.5051,7.49685,134.279,11.1987,0.369067,0
Fri May  9 12:24:27 2025
,2.29736,24.504,7.4999,134.357,11.2054,0,0
Fri May  9 12:24:33 2025
,2.17646,24.5128,7.50023,132.806,11.0743,0.388369,0
Fri May  9 12:24:38 2025
,1.92376,24.497,7.4896,132.586,11.0591,0.249263,0
Fri May  9 12:24:43 2025
,1.74737,24.5152,7.49185,130.801,10.9066,1.02741,0
Fri May  9 12:24:49 2025
,1.54124,nan,7.49584,128.767,10.738,0,0
                                                                                                                                                                                                                                                                                                                   Tiempo,Profundidad,Temperatura,pH,DO_SAT,DO,Blue,Chl
Fri May  9 12:24:44 2025
,-0.619089,21.8374,6.85734,95.0405,8.33656,4.12792,0.955156
Fri May  9 12:24:49 2025
,-0.626026,21.8556,6.84353,95.5765,8.38065,5.4006,0.921493
Fri May  9 12:24:55 2025
,-0.632963,21.8915,6.83058,95.5327,8.371,4.56445,nan
Fri May  9 12:25:00 2025
,-0.628008,21.904,6.8293,95.7662,8.38943,7.30055,0.988453
Tiempo,Profundidad,Temperatura,pH,DO_SAT,DO,Blue,Chl
Fri May  9 12:24:44 2025
,-0.74197,22.6999,7.2034,91.6802,7.90948,6.95687,1.22368
Fri May  9 12:24:49 2025
,-0.746925,22.6999,7.2034,92.0585,7.94254,5.66729,1.03524
Fri May  9 12:24:54 2025
,-0.749898,22.7238,7.17566,91.3698,7.87954,5.58852,0.89338
Fri May  9 12:24:59 2025
,-0.74197,22.7332,7.18759,91.8091,7.916,6.412,0.984178
Fri May  9 12:25:05 2025
,-0.734042,22.7532,7.18517,91.6453,7.89887,7.54721,0.971587
Fri May  9 12:25:10 2025
,-0.740979,22.7594,7.17486,91.2461,7.86354,5.77043,0.82943
Fri May  9 12:25:15 2025
,-0.735033,22.7584,7.16266,91.8775,7.91809,6.93974,1.18247
Fri May  9 12:25:20 2025
,-0.739988,22.7668,7.18389,91.5645,7.88986,7.65761,1.11704
Fri May  9 12:25:25 2025
,-0.742961,22.7709,7.18721,91.6356,7.89538,6.82248,0.909715
Fri May  9 12:25:31 2025
,-0.74197,22.7911,7.16889,91.2078,7.85549,5.76984,1.12686
